<?xml version="1.0" encoding="UTF-8"?>
<project-private xmlns="http://www.netbeans.org/ns/project-private/1">
    <editor-bookmarks xmlns="http://www.netbeans.org/ns/editor-bookmarks/2" lastBookmarkId="0"/>
    <open-files xmlns="http://www.netbeans.org/ns/projectui-open-files/2">
        <group>
            <file>file:/C:/Users/Akhil%20Bet/Documents/NetBeansProjects/MPlayer/src/mplayer/MediaMessages.java</file>
            <file>file:/C:/Users/Akhil%20Bet/Documents/NetBeansProjects/MPlayer/src/mplayer/MediaFileChooser.java</file>
            <file>file:/C:/Users/Akhil%20Bet/Documents/NetBeansProjects/MPlayer/src/mplayer/MediaVolumeControl.java</file>
            <file>file:/C:/Users/Akhil%20Bet/Documents/NetBeansProjects/MPlayer/src/mplayer/PlayerCss.css</file>
            <file>file:/C:/Users/Akhil%20Bet/Documents/NetBeansProjects/MPlayer/src/mplayer/MPlayer.java</file>
            <file>file:/C:/Users/Akhil%20Bet/Documents/NetBeansProjects/MPlayer/src/mplayer/MediaAnimation.java</file>
            <file>file:/C:/Users/Akhil%20Bet/Documents/NetBeansProjects/MPlayer/src/mplayer/MediaControl.java</file>
        </group>
    </open-files>
</project-private>
